<?xml version="1.0" encoding="UTF-8"?>
<Configuration status="DEBUG">
  <Appenders>
    <Console name="Console" target="SYSTEM_OUT">
      <PatternLayout pattern="%d{yyyy-MM-dd HH:mm:ss} %-5level %logger{36} - %msg%n"/>
    </Console>
    <File name="File" fileName="C:/kimura363/Struts2Example/logs/app.log">
      <PatternLayout pattern="%d{yyyy-MM-dd HH:mm:ss} %-5level %logger{36} - %msg%n"/>
    </File>
  </Appenders>
  <Loggers>
    <Logger name="com.opensymphony.xwork2.interceptor.I18nInterceptor" level="DEBUG" additivity="false">
      <AppenderRef ref="Console"/>
      <AppenderRef ref="File"/>
    </Logger>
    <Root level="DEBUG">
      <AppenderRef ref="Console"/>
      <AppenderRef ref="File"/>
    </Root>
  </Loggers>
</Configuration>
