<?xml version="1.0"?>
<!--
    $Id$

    Licensed to the Apache Software Foundation (ASF) under one or more
    contributor license agreements.  See the NOTICE file distributed with
    this work for additional information regarding copyright ownership.
    The ASF licenses this file to You under the Apache License, Version 2.0
    (the "License"); you may not use this file except in compliance with
    the License.  You may obtain a copy of the License at
   
         http://www.apache.org/licenses/LICENSE-2.0
   
    Unless required by applicable law or agreed to in writing, software
    distributed under the License is distributed on an "AS IS" BASIS,
    WITHOUT WARRANTIES OR CONDITIONS OF ANY KIND, either express or implied.
    See the License for the specific language governing permissions and
    limitations under the License.
-->
<!--
// ======================================================================== 78
-->
<document>

    <properties>
        <title>Release Notes (since 1.3.8)</title>
    </properties>
    <body>
        <section name="6.1 Release Notes - Version 1.3.9">

            <a name="release_notes"/>
            <subsection name="Introduction">
                <p>
                    This section contains release notes for changes that have
                    taken place to Struts,
                    since the
                    <a href="release-notes-1_3_8.html">Version 1.3.8</a>
                    distribution.
                    To keep up-to-date on all changes to the framework, 
                    subscribe to
                    the (commits at struts.apache.org) list.
                    To preview our plans for upcoming changes,
                    please visit the
                    <a href="../roadmap.html">Roadmap page.</a>
                </p>
                <ul><li>
                    <b>Notes on upgrading</b>
                    are maintained in the
                    <a href="http://wiki.apache.org/struts/StrutsUpgrade">Wiki
                        Upgrade pages.</a>
                    The wiki is a community maintained resource - please feel
                    free to add your
                    input so that everyone can benefit from the collective
                    experience.
                </li></ul>
                <p>
                    For the version requirements of each library, see the
                    <a href="installation.html">Installation chapter.</a>
                </p>

            </subsection>

            <a name="Highlight"/>
            <subsection name="Issue Tracking">
<h4>Bug</h4>
<ul>
<li>[<a href='https://issues.apache.org/struts/browse/STR-2597'>STR-2597</a>] - Unexpected Tiles recursion on JSP errors?</li>
<li>[<a href='https://issues.apache.org/struts/browse/STR-3015'>STR-3015</a>] - release set parameters to null in LinkTag</li>
<li>[<a href='https://issues.apache.org/struts/browse/STR-3020'>STR-3020</a>] - AbstractCreateAction emits error unnecessarily</li>
<li>[<a href='https://issues.apache.org/struts/browse/STR-3021'>STR-3021</a>] - Tiles insert is evaluated twice if JSP error occures</li>
<li>[<a href='https://issues.apache.org/struts/browse/STR-3028'>STR-3028</a>] - struts-html-el.tld option tag filter type causing tld not to load</li>
<li>[<a href='https://issues.apache.org/struts/browse/STR-3029'>STR-3029</a>] - ActionConfigMatcher does not instantiate the correct ActionForward</li>
</ul>
    
<h4>Improvement</h4>
<ul>
<li>[<a href='https://issues.apache.org/struts/browse/STR-487'>STR-487</a>] - Multiple file upload not possible due to MultiPartRequestHandler limitation?</li>
</ul>
        
<h4>Task</h4>
<ul>
<li>[<a href='https://issues.apache.org/struts/browse/STR-3034'>STR-3034</a>] - Remove Tiles 2 module from 1.3 branch</li>
</ul>
</subsection>

            <subsection>
                <p class="right">Next:
                    <a href="installation.html">Installation</a>
                </p>
            </subsection>
        </section>
    </body>
</document>
